{"x_title": [[329.45635986328125, 438.53204345703125, 371.8294982910156, 450.8598327636719]], "y_title": [[16.3314208984375, 142.99856567382812, 31.070886611938477, 282.9774169921875]], "plot_area": [[72.5496597290039, 53.022727966308594, 631.92724609375, 377.7100524902344]], "other": [], "xlabel": [[88.7757568359375, 385.1452331542969, 101.03368377685547, 422.537109375], [148.0570831298828, 384.9482116699219, 159.9482879638672, 426.949462890625], [326.6158752441406, 385.1007385253906, 338.874755859375, 422.6983337402344], [226.40980529785156, 385.30474853515625, 238.97398376464844, 427.94378662109375], [484.67718505859375, 385.3363952636719, 497.0430603027344, 430.83978271484375], [426.07965087890625, 386.2376403808594, 437.9744873046875, 428.6714172363281], [386.1462707519531, 385.25885009765625, 397.9512023925781, 426.9975891113281], [167.94178771972656, 385.37042236328125, 180.0724334716797, 430.0035095214844], [563.8843383789062, 385.0143737792969, 575.9625244140625, 422.8365478515625], [464.3148193359375, 385.1893310546875, 477.1664123535156, 427.9488220214844], [307.320556640625, 385.2711486816406, 319.06341552734375, 426.05078125], [208.3955535888672, 386.3748474121094, 220.02639770507812, 425.9642639160156], [109.25253295898438, 386.40380859375, 123.68231201171875, 430.0278015136719], [267.23980712890625, 385.4741516113281, 280.61175537109375, 428.0629577636719], [604.2146606445312, 385.2153625488281, 617.5208129882812, 429.1848449707031], [187.9475860595703, 386.24267578125, 199.95359802246094, 428.78863525390625], [445.25445556640625, 386.3028869628906, 456.9814758300781, 425.81573486328125], [624.3639526367188, 385.07025146484375, 635.6953735351562, 426.9606628417969], [505.309326171875, 385.0380859375, 519.065673828125, 427.9338073730469], [584.1305541992188, 386.3851013183594, 598.5296630859375, 429.6127624511719], [405.752197265625, 385.1185607910156, 417.9931335449219, 429.7232360839844], [545.4007568359375, 385.4527893066406, 557.04931640625, 426.24639892578125], [246.61318969726562, 385.4250793457031, 259.0751037597656, 430.8139953613281], [128.2342529296875, 385.47967529296875, 141.60755920410156, 428.7251281738281], [286.4792175292969, 385.41680908203125, 300.6415710449219, 432.67413330078125], [346.1495666503906, 386.3319091796875, 359.8833923339844, 429.84320068359375], [366.08343505859375, 385.3968200683594, 379.5885009765625, 429.243896484375], [69.31439971923828, 385.2019348144531, 80.89311981201172, 425.85821533203125], [524.2933959960938, 385.3693542480469, 538.2328491210938, 432.8481750488281]], "ylabel": [[40.783607482910156, 77.33606719970703, 60.203125, 88.80674743652344], [34.38655090332031, 45.33997344970703, 61.34101867675781, 56.825355529785156], [40.843589782714844, 110.24366760253906, 60.163169860839844, 121.80970001220703], [40.714942932128906, 369.21380615234375, 60.386749267578125, 380.92529296875], [41.10771179199219, 337.3496398925781, 60.31134033203125, 348.6951599121094], [40.74769592285156, 304.3205261230469, 60.25163650512695, 315.8391418457031], [40.292964935302734, 239.23629760742188, 60.234893798828125, 250.8192901611328], [41.424015045166016, 272.44195556640625, 60.24192428588867, 283.719970703125], [41.14462661743164, 142.30665588378906, 60.283939361572266, 153.8325958251953], [40.934017181396484, 175.23011779785156, 60.321449279785156, 186.84524536132812], [40.68122100830078, 207.22132873535156, 60.32707595825195, 218.84405517578125]], "chart_title": [[154.92982482910156, 13.55388069152832, 484.451416015625, 34.99782180786133]], "x_tick": [], "y_tick": [], "legend_patch": [], "legend_label": [], "legend_title": [], "legend_area": [], "mark_label": [[512.39453125, 155.1011962890625, 632.9522705078125, 169.95455932617188], [441.254638671875, 76.70574951171875, 565.6804809570312, 91.9275131225586], [93.24445343017578, 320.4388122558594, 113.94303894042969, 331.5376892089844], [92.38640594482422, 83.32713317871094, 117.76605987548828, 94.73534393310547], [92.84484100341797, 201.48703002929688, 108.11051940917969, 212.48965454101562]], "value_label": [], "y_axis_area": [[15.643547058105469, 46.14640808105469, 79.01286315917969, 379.8453369140625]], "x_axis_area": [[69.95381927490234, 371.68316650390625, 636.4146118164062, 451.00579833984375]], "tick_grouping": []}